billy batson,tg
zatanna zatara,gh
victor stone,nh
billy batson,jk
john jones,ui
princess diana,qa
arthur curry,rf
victor stone,yh
princess diana,bn
princess diana,gh
billy batson,xs
billy batson,er
princess diana,ol
victor stone,tg
helena bertinelli,tg
arthur curry,ty
victor stone,zx
billy batson,ol
zatanna zatara,qw
arthur curry,ty
victor stone,za
helena bertinelli,ik
princess diana,gh
princess diana,gh
princess diana,er
billy batson,as
zatanna zatara,er
princess diana,ml
victor stone,ml
zatanna zatara,xs
princess diana,nh
billy batson,za
princess diana,jk
john jones,xs
victor stone,uj
victor stone,ol
helena bertinelli,bg
victor stone,ws
arthur curry,tg
helena bertinelli,zx
john jones,tg
billy batson,vf
arthur curry,ui
princess diana,bn
princess diana,xs
zatanna zatara,ui
billy batson,as
arthur curry,qa
john jones,qa
arthur curry,bg
helena bertinelli,ol
john jones,cd
zatanna zatara,bn
billy batson,df
helena bertinelli,ol
arthur curry,ui
zatanna zatara,yh
zatanna zatara,qa
zatanna zatara,tg
victor stone,as
billy batson,vf
billy batson,nh
victor stone,tg
john jones,cd
zatanna zatara,rf
princess diana,jk
helena bertinelli,bn
victor stone,rf
arthur curry,ty
victor stone,ml
billy batson,zx
helena bertinelli,jk
billy batson,bn
helena bertinelli,qa
helena bertinelli,bg
arthur curry,df
princess diana,df
zatanna zatara,ty
victor stone,vf
john jones,ws
zatanna zatara,nh
john jones,qw
arthur curry,er
billy batson,qw
helena bertinelli,cv
billy batson,tg
john jones,jk
helena bertinelli,rf
zatanna zatara,bg
zatanna zatara,cd
arthur curry,ui
billy batson,as
princess diana,bg
billy batson,bg
arthur curry,ml
billy batson,jk
billy batson,vf
zatanna zatara,ui
helena bertinelli,er
helena bertinelli,uj
victor stone,zx
billy batson,zx
helena bertinelli,as
billy batson,cd
arthur curry,gh
zatanna zatara,ol
john jones,bn
victor stone,ty
john jones,ui
zatanna zatara,za
billy batson,cd
arthur curry,ed
victor stone,ty
zatanna zatara,as
arthur curry,ed
arthur curry,bg
victor stone,ws
princess diana,cd
billy batson,ed
princess diana,ol
billy batson,vf
billy batson,uj
princess diana,cd
helena bertinelli,zx
billy batson,gh
john jones,df
billy batson,xs
arthur curry,nh
victor stone,nh
victor stone,ik
victor stone,qa
arthur curry,jk
victor stone,za
john jones,za
billy batson,er
john jones,za
billy batson,yh
john jones,jk
zatanna zatara,ik
zatanna zatara,ol
zatanna zatara,bg
helena bertinelli,cd
victor stone,df
arthur curry,qw
princess diana,jk
zatanna zatara,qw
victor stone,ty
princess diana,yh
zatanna zatara,gh
bruce wayne,py
helena bertinelli,uj
john jones,uj
zatanna zatara,mj
princess diana,as
zatanna zatara,cd
john jones,cd
john jones,ty
john jones,ol
zatanna zatara,zx
victor stone,ed
victor stone,za
john jones,xs
helena bertinelli,as
john jones,uj
john jones,xs
john jones,mj
victor stone,df
princess diana,jk
helena bertinelli,er
arthur curry,vf
arthur curry,qw
john jones,nh
billy batson,jk
princess diana,tg
victor stone,xs
john jones,rf
princess diana,ik
victor stone,df
arthur curry,ik
john jones,nh
arthur curry,zx
princess diana,za
princess diana,ed
helena bertinelli,qa
arthur curry,yh
john jones,tg
helena bertinelli,qa
zatanna zatara,ed
princess diana,as
john jones,gh
john jones,ws
zatanna zatara,cv
helena bertinelli,ik
helena bertinelli,ml
john jones,yh
john jones,xs
victor stone,cv
john jones,ml
zatanna zatara,ol
john jones,ui
billy batson,ty
billy batson,bn
helena bertinelli,ol
billy batson,as
zatanna zatara,cd
arthur curry,df
zatanna zatara,mj
princess diana,mj
john jones,as
john jones,cd
billy batson,tg
zatanna zatara,jk
princess diana,yh
zatanna zatara,ml
zatanna zatara,xs
arthur curry,za
princess diana,qw
princess diana,bn
princess diana,za
victor stone,cv
victor stone,uj
billy batson,bg
billy batson,ol
billy batson,ws
arthur curry,nh
helena bertinelli,ws
arthur curry,mj
billy batson,ol
princess diana,qa
arthur curry,ed
helena bertinelli,mj
john jones,cd
billy batson,gh
helena bertinelli,df
john jones,nh
victor stone,ol
billy batson,yh
arthur curry,ol
billy batson,df
princess diana,gh
princess diana,ty
john jones,bg
princess diana,bn
helena bertinelli,ws
princess diana,jk
arthur curry,gh
arthur curry,ty
billy batson,jk
zatanna zatara,mj
billy batson,rf
arthur curry,ws
princess diana,er
john jones,ol
zatanna zatara,cv
princess diana,bn
princess diana,ik
helena bertinelli,mj
arthur curry,qw
arthur curry,qa
zatanna zatara,cv
john jones,yh
arthur curry,rf
victor stone,ed
princess diana,ui
billy batson,er
arthur curry,ty
arthur curry,nh
billy batson,nh
princess diana,cd
arthur curry,ws
helena bertinelli,mj
billy batson,ty
john jones,cd
billy batson,zx
arthur curry,ws
billy batson,qa
helena bertinelli,bg
victor stone,jk
victor stone,as
john jones,nh
helena bertinelli,xs
zatanna zatara,bg
victor stone,bg
zatanna zatara,bn
helena bertinelli,qa
arthur curry,cd
arthur curry,ol
billy batson,ui
helena bertinelli,ui
billy batson,tg
billy batson,gh
helena bertinelli,yh
helena bertinelli,ed
victor stone,jk
zatanna zatara,qw
john jones,gh
arthur curry,ws
john jones,ed
victor stone,bn
hal jordan,ha
helena bertinelli,nh
helena bertinelli,rf
john jones,ml
billy batson,ml
billy batson,ml
victor stone,tg
princess diana,ui
zatanna zatara,qa
helena bertinelli,yh
billy batson,bg
princess diana,ws
zatanna zatara,tg
arthur curry,ty
princess diana,vf
victor stone,bn
princess diana,uj
billy batson,vf
victor stone,bg
john jones,gh
john jones,xs
billy batson,tg
princess diana,tg
arthur curry,jk
zatanna zatara,zx
zatanna zatara,ty
helena bertinelli,cv
billy batson,ed
billy batson,qa
billy batson,qw
helena bertinelli,rf
zatanna zatara,ed
billy batson,cv
john jones,gh
victor stone,uj
helena bertinelli,ed
billy batson,ws
princess diana,uj
zatanna zatara,mj
victor stone,mj
princess diana,qa
arthur curry,cv
helena bertinelli,ol
victor stone,qa
arthur curry,bg
princess diana,ws
victor stone,mj
princess diana,cd
helena bertinelli,ik
helena bertinelli,vf
zatanna zatara,ik
princess diana,cd
arthur curry,ed
arthur curry,df
princess diana,nh
princess diana,vf
helena bertinelli,zx
victor stone,xs
helena bertinelli,ol
zatanna zatara,xs
helena bertinelli,vf
princess diana,ed
billy batson,ml
john jones,gh
arthur curry,cd
zatanna zatara,mj
victor stone,yh
billy batson,cv
arthur curry,bg
princess diana,mj
princess diana,za
helena bertinelli,nh
victor stone,qa
billy batson,zx
zatanna zatara,xs
helena bertinelli,cv
john jones,ol
john jones,uj
billy batson,za
helena bertinelli,er
arthur curry,ui
john jones,ik
john jones,zx
helena bertinelli,nh
zatanna zatara,qw
zatanna zatara,ui
arthur curry,za
zatanna zatara,zx
helena bertinelli,bn
john jones,er
zatanna zatara,rf
princess diana,cv
victor stone,df
john jones,bg
princess diana,er
billy batson,ik
helena bertinelli,yh
john jones,qw
helena bertinelli,ed
princess diana,vf
princess diana,er
victor stone,ws
arthur curry,qa
helena bertinelli,xs
arthur curry,ui
billy batson,uj
billy batson,qw
john jones,ws
john jones,gh
helena bertinelli,yh
helena bertinelli,bn
john jones,ik
helena bertinelli,jk
princess diana,cv
princess diana,cv
princess diana,zx
victor stone,cd
zatanna zatara,qa
princess diana,jk
john jones,cv
victor stone,ol
princess diana,rf
arthur curry,ml
zatanna zatara,er
zatanna zatara,ui
billy batson,uj
john jones,gh
arthur curry,gh
john jones,ml
billy batson,ed
princess diana,qa
arthur curry,ui
zatanna zatara,ty
princess diana,mj
arthur curry,yh
princess diana,nh
arthur curry,bg
arthur curry,mj
billy batson,mj
victor stone,ol
victor stone,za
arthur curry,jk
victor stone,jk
john jones,df
john jones,nh
princess diana,cd
helena bertinelli,as
victor stone,uj
victor stone,ik
zatanna zatara,er
clark kent,wa
john jones,rf
zatanna zatara,ty
arthur curry,yh
zatanna zatara,nh
helena bertinelli,yh
princess diana,bg
arthur curry,qa
princess diana,za
zatanna zatara,zx
princess diana,qa
john jones,as
helena bertinelli,yh
victor stone,ik
john jones,rf
helena bertinelli,yh
victor stone,jk
billy batson,ty
zatanna zatara,cv
arthur curry,ol
billy batson,as
john jones,er
victor stone,ol
helena bertinelli,qw
victor stone,zx
princess diana,ty
helena bertinelli,ml
billy batson,uj
billy batson,tg
princess diana,ik
victor stone,bg
arthur curry,gh
helena bertinelli,vf
arthur curry,zx
john jones,ol
zatanna zatara,as
billy batson,vf
arthur curry,gh
arthur curry,uj
billy batson,yh
billy batson,cv
john jones,ik
princess diana,rf
arthur curry,cv
helena bertinelli,bn
billy batson,bg
billy batson,bg
john jones,ml
helena bertinelli,mj
john jones,uj
billy batson,ik
arthur curry,ol
billy batson,as
arthur curry,er
john jones,qa
princess diana,tg
zatanna zatara,as
arthur curry,as
princess diana,ty
billy batson,zx
john jones,zx
helena bertinelli,tg
helena bertinelli,ty
john jones,cd
helena bertinelli,ol
zatanna zatara,ml
billy batson,df
john jones,cd
john jones,ml
princess diana,qw
victor stone,yh
john jones,ed
billy batson,ui
billy batson,xs
princess diana,nh
victor stone,ui
arthur curry,as
helena bertinelli,ui
zatanna zatara,qa
princess diana,gh
arthur curry,bn
arthur curry,za
zatanna zatara,bn
princess diana,ui
billy batson,vf
princess diana,mj
helena bertinelli,uj
helena bertinelli,cv
billy batson,qw
helena bertinelli,qa
victor stone,cv
princess diana,bg
john jones,ws
billy batson,qa
billy batson,ml
princess diana,df
victor stone,qw
princess diana,ws
arthur curry,uj
arthur curry,ml
victor stone,bn
princess diana,uj
victor stone,mj
arthur curry,bn
princess diana,ty
john jones,yh
zatanna zatara,gh
john jones,er
john jones,df
princess diana,ml
helena bertinelli,ws
arthur curry,er
princess diana,ol
helena bertinelli,ml
zatanna zatara,mj
helena bertinelli,bg
princess diana,ml
john jones,ed
helena bertinelli,bn
victor stone,rf
princess diana,er
princess diana,bg
victor stone,ed
zatanna zatara,df
arthur curry,jk
john jones,gh
arthur curry,vf
princess diana,ed
arthur curry,cv
victor stone,zx
john jones,er
billy batson,ol
zatanna zatara,rf
billy batson,as
billy batson,df
princess diana,gh
princess diana,mj
arthur curry,df
billy batson,jk
princess diana,qw
billy batson,as
helena bertinelli,qa
john jones,ol
billy batson,uj
arthur curry,cv
princess diana,ty
princess diana,mj
john jones,zx
john jones,ik
victor stone,ol
barry allen,ii
arthur curry,nh
helena bertinelli,bn
billy batson,ty
john jones,bn
helena bertinelli,ui
victor stone,yh
arthur curry,vf
victor stone,nh
helena bertinelli,df
john jones,zx
princess diana,uj
zatanna zatara,nh
zatanna zatara,qw
princess diana,rf
helena bertinelli,ol
zatanna zatara,yh
princess diana,vf
billy batson,ml
princess diana,er
victor stone,ml
helena bertinelli,ol
zatanna zatara,df
billy batson,uj
john jones,ik
victor stone,uj
arthur curry,qa
arthur curry,bn
john jones,qw
zatanna zatara,ui
princess diana,cv
arthur curry,bg
arthur curry,qa
arthur curry,cv
princess diana,vf
billy batson,mj
princess diana,xs
victor stone,xs
zatanna zatara,bn
princess diana,ol
zatanna zatara,zx
billy batson,ml
john jones,as
princess diana,xs
helena bertinelli,cv
zatanna zatara,mj
arthur curry,ik
john jones,cv
helena bertinelli,ml
arthur curry,bg
john jones,zx
john jones,cd
helena bertinelli,ik
princess diana,xs
john jones,bg
billy batson,cv
arthur curry,uj
arthur curry,ui
john jones,xs
helena bertinelli,ed
victor stone,ol
billy batson,df
billy batson,cd
helena bertinelli,jk
helena bertinelli,ml
arthur curry,cv
billy batson,bn
john jones,cv
helena bertinelli,uj
princess diana,bg
arthur curry,qw
victor stone,cd
princess diana,cd
billy batson,bn
zatanna zatara,er
john jones,za
princess diana,cd
helena bertinelli,qa
zatanna zatara,qa
zatanna zatara,df
helena bertinelli,za
zatanna zatara,bn
helena bertinelli,jk
billy batson,qw
john jones,qa
princess diana,qw
zatanna zatara,as
billy batson,mj
zatanna zatara,uj
arthur curry,cv
arthur curry,nh
arthur curry,as
princess diana,ml
victor stone,er
john jones,ui
arthur curry,ui
zatanna zatara,cv
victor stone,ik
arthur curry,qw
victor stone,ol
princess diana,za
zatanna zatara,jk
zatanna zatara,ty
billy batson,cv
arthur curry,cv
john jones,ws
helena bertinelli,bn
billy batson,tg
arthur curry,er
john jones,yh
arthur curry,ik
princess diana,ws
arthur curry,ws
arthur curry,yh
helena bertinelli,mj
john jones,cd
helena bertinelli,bn
helena bertinelli,xs
helena bertinelli,as
princess diana,qa
victor stone,qa
john jones,cv
princess diana,nh
helena bertinelli,mj
zatanna zatara,zx
helena bertinelli,gh
princess diana,jk
arthur curry,ui
billy batson,zx
victor stone,nh
princess diana,er
zatanna zatara,bg
victor stone,ui
princess diana,mj
billy batson,zx
zatanna zatara,ml
princess diana,bn
victor stone,qa
victor stone,nh
zatanna zatara,jk
helena bertinelli,bg
helena bertinelli,yh
john jones,ml
victor stone,as
billy batson,tg
princess diana,vf
john jones,xs
john jones,tg
princess diana,uj
victor stone,yh
kara kent,_r
john jones,za
victor stone,gh
princess diana,jk
zatanna zatara,as
john jones,er
billy batson,as
arthur curry,as
john jones,xs
victor stone,xs
billy batson,gh
arthur curry,df
arthur curry,bg
arthur curry,ol
princess diana,jk
helena bertinelli,ui
princess diana,df
princess diana,zx
helena bertinelli,tg
john jones,ik
victor stone,tg
arthur curry,uj
arthur curry,df
arthur curry,ty
princess diana,nh
zatanna zatara,zx
zatanna zatara,ed
victor stone,uj
princess diana,ik
helena bertinelli,ty
john jones,er
zatanna zatara,nh
john jones,uj
zatanna zatara,cd
arthur curry,ui
helena bertinelli,za
princess diana,yh
zatanna zatara,ik
helena bertinelli,nh
helena bertinelli,xs
john jones,xs
princess diana,gh
john jones,nh
john jones,za
helena bertinelli,er
zatanna zatara,ws
john jones,qw
john jones,cd
john jones,xs
victor stone,qa
victor stone,er
zatanna zatara,er
princess diana,ol
victor stone,ws
john jones,cv
arthur curry,cd
princess diana,ui
john jones,tg
john jones,bg
billy batson,mj
billy batson,ui
victor stone,qw
billy batson,zx
john jones,as
arthur curry,cd
john jones,tg
john jones,ml
princess diana,gh
arthur curry,ml
helena bertinelli,nh
billy batson,er
billy batson,bn
princess diana,ed
princess diana,qa
princess diana,cd
john jones,ui
zatanna zatara,yh
helena bertinelli,zx
john jones,er
zatanna zatara,qw
zatanna zatara,qa
victor stone,qw
john jones,ui
helena bertinelli,ed
victor stone,qa
helena bertinelli,mj
princess diana,gh
princess diana,cv
john jones,uj
zatanna zatara,cv
arthur curry,nh
billy batson,mj
helena bertinelli,er
billy batson,ty
billy batson,ed
zatanna zatara,yh
princess diana,yh
arthur curry,df
arthur curry,ed
john jones,ui
billy batson,yh
arthur curry,er
princess diana,bn
john jones,bn
zatanna zatara,jk
helena bertinelli,qa
john jones,df
princess diana,ws
helena bertinelli,ml
arthur curry,za
princess diana,er
zatanna zatara,bg
helena bertinelli,er
princess diana,rf
billy batson,ol
arthur curry,yh
zatanna zatara,ws
zatanna zatara,er
john jones,bn
helena bertinelli,vf
arthur curry,bg
helena bertinelli,er
arthur curry,ik
john jones,er
arthur curry,rf
victor stone,qw
princess diana,qw
victor stone,gh
helena bertinelli,nh
helena bertinelli,ty
helena bertinelli,ui
zatanna zatara,qw
zatanna zatara,as
arthur curry,er
john jones,cv
helena bertinelli,xs
arthur curry,uj
victor stone,ws
princess diana,uj
zatanna zatara,bn
zatanna zatara,cd
princess diana,ml
helena bertinelli,qw
billy batson,ui
arthur curry,mj
princess diana,as
princess diana,vf
billy batson,ws
john jones,nh
helena bertinelli,ik
dinah lance,ox
helena bertinelli,bn
arthur curry,qa
arthur curry,cv
john jones,bn
helena bertinelli,zx
john jones,cd
billy batson,yh
victor stone,rf
helena bertinelli,rf
billy batson,as
billy batson,cd
arthur curry,er
billy batson,jk
john jones,ed
zatanna zatara,er
john jones,qa
princess diana,as
princess diana,xs
victor stone,jk
princess diana,ws
arthur curry,cv
princess diana,za
victor stone,vf
john jones,zx
helena bertinelli,cv
victor stone,zx
victor stone,ol
john jones,ui
victor stone,yh
billy batson,ui
victor stone,gh
princess diana,xs
billy batson,xs
victor stone,jk
john jones,ed
john jones,uj
helena bertinelli,ik
arthur curry,bn
arthur curry,ty
billy batson,yh
princess diana,zx
billy batson,zx
billy batson,vf
victor stone,vf
arthur curry,ui
princess diana,tg
billy batson,ol
arthur curry,gh
john jones,zx
zatanna zatara,qw
arthur curry,zx
princess diana,bn
princess diana,as
zatanna zatara,gh
helena bertinelli,zx
helena bertinelli,tg
john jones,ed
victor stone,xs
billy batson,ui
zatanna zatara,rf
helena bertinelli,nh
victor stone,ed
john jones,as
helena bertinelli,ml
arthur curry,za
john jones,qw
john jones,ws
princess diana,ik
victor stone,ui
princess diana,er
john jones,rf
john jones,za
billy batson,uj
helena bertinelli,rf
helena bertinelli,rf
helena bertinelli,cd
helena bertinelli,er
helena bertinelli,bn
victor stone,cd
helena bertinelli,df
helena bertinelli,ed
princess diana,rf
zatanna zatara,qw
helena bertinelli,er
john jones,uj
john jones,gh
billy batson,cd
john jones,cd
arthur curry,uj
billy batson,ol
arthur curry,tg
princess diana,zx
victor stone,uj
arthur curry,qw
helena bertinelli,ui
billy batson,ik
billy batson,yh
helena bertinelli,gh
princess diana,ws
zatanna zatara,jk
